frame,x,y,xn,yn
208,587.8571428571429,288.0,245.27224031305428,139.18472495535482
209,587.8571428571429,288.2380952380952,245.2758530616951,139.55914218209958
210,588.7916666666667,289.5,246.29778579205333,141.47757322090354
211,588.6818181818182,289.9545454545455,246.18673001016617,142.19972900090832
212,588.7727272727273,290.81818181818187,246.29719877348273,143.5504805713718
219,590.7727272727273,295.0454545454545,248.50480961854154,150.04832704713925
221,591.72,296.91999999999996,249.54758791110012,152.92295136334872
365,575.0952380952381,396.6190476190476,233.43360855175933,307.9053868646405
367,575.0,399.0,233.37318819001885,311.52604152375034
368,574.5652173913044,400.3913043478261,232.93844917429956,313.6651080596383
369,575.0434782608696,401.6086956521739,233.46272008849533,315.48031135960775
370,574.9230769230769,402.7692307692307,233.35539143934992,317.2474457729637
371,575.2,404.03999999999996,233.66830896800784,319.15524657595415
372,575.5454545454545,405.27272727272725,234.05263776018415,321.0002360468663
373,575.52,406.84000000000003,234.05194327483616,323.37496479897123
375,576.1428571428572,408.2380952380952,234.73072072663044,325.45069138795674
376,576.8076923076924,409.11538461538464,235.44478489699907,326.7350572888052
379,577.8,411.28,236.5242087124454,329.9445097712627
380,577.875,411.625,236.60872337633802,330.46121054721
381,577.7916666666667,412.125,236.52920834972042,331.2223254170693
382,578.0,412.80769230769226,236.759391904862,332.24057992437963
383,578.125,413.29166666666663,236.8986961227211,332.9637954649221
384,578.7692307692307,414.3461538461538,237.5931781727558,334.5152653222607
385,578.7083333333333,415.16666666666663,237.54232316877295,335.75826585084394
386,578.6153846153846,416.2307692307693,237.46171607699102,337.3707529669022
387,579.047619047619,418.0,237.94444556911165,340.01284600457205
389,579.8636363636364,420.77272727272725,238.84607826992575,344.14181282309886
391,581.0869565217391,425.0434782608695,240.1980958767223,350.4969364304104
529,561.625,513.125,221.41085445511962,482.45666395096816
530,561.4782608695652,514.0869565217391,221.276683774458,483.8734288260004
531,561.6818181818182,515.7727272727273,221.51813234565424,486.32746171002907
532,561.8518518518518,516.7407407407408,221.71169696903638,487.73291886284323
534,561.7307692307693,519.3076923076923,221.63340002558593,491.49208357142237
535,561.6153846153846,520.3461538461538,221.53308419015133,493.015956210219
536,561.6,521.92,221.54596675157657,495.3150301171296
537,561.7142857142857,523.25,221.68837926774756,497.2494455463518
538,561.9642857142857,524.2142857142857,221.96421908673662,498.6414929773376
539,562.0357142857143,526.0,222.0704737161575,501.24157532709603
540,562.2692307692307,527.0384615384615,222.33047369318962,502.7415417342817
541,562.56,528.08,222.6495535785336,504.2421756298616
542,563.2666666666667,528.8333333333334,223.3926500803749,505.2977087263064
543,562.92,529.84,223.05293208293045,506.7846541899855
544,563.7333333333333,531.0666666666667,223.91436724736488,508.52245575879874
545,564.1481481481482,531.5185185185185,224.35047279925226,509.1556177153576
546,564.3333333333334,532.3,224.55546502070047,510.2820798108509
547,564.7586206896551,532.6896551724138,225.00118366556472,510.8238998444056
548,565.2,533.7,225.47443438519213,512.2677722620837
549,565.3225806451613,534.3548387096774,225.61240638378771,513.2130302036769
550,565.4444444444445,535.3333333333334,225.7553534554447,514.6286865817143
551,565.6428571428571,536.1428571428571,225.97421887904753,515.7939110751804
552,565.8275862068965,536.8620689655172,226.1772870897288,516.8282987383351
553,566.3103448275862,537.7241379310345,226.6901496423773,518.0524673879944
554,566.7241379310345,539.5172413793103,227.1478987137057,520.6326110930935
555,566.8214285714286,541.2142857142857,227.27762662321595,523.0906734832489
556,567.5714285714286,543.1428571428571,228.08371643722901,525.8448850602468
557,567.304347826087,545.1739130434783,227.84360326609905,528.805782144923
558,568.5217391304348,547.5217391304348,229.13744850358054,532.1367098655703
559,568.7692307692307,550.0,229.43439107271817,535.7110221667976
680,548.5833333333334,630.4583333333334,210.27224741332373,651.8725815701547
681,548.4347826086956,633.304347826087,210.17742111868125,655.8964755476082
682,548.8695652173913,634.9565217391304,210.6513086236551,658.2021810924584
683,549.04,636.76,210.85960633887845,660.7344280902738
684,549.3636363636364,638.5909090909091,211.2238117552444,663.2954726917696
685,549.1304347826087,639.7826086956521,211.01051000266318,664.9860912034931
686,549.3913043478261,641.1304347826087,211.30140176401648,666.868652376459
687,549.5416666666666,641.875,211.46841865363,667.9079435573537
688,549.9565217391304,643.2608695652174,211.9159897300139,669.8343756638606
689,549.8888888888889,644.2962962962963,211.8675234075833,671.2938978155044
690,549.9,645.7666666666667,211.90730632448836,673.3597387822458
691,549.9642857142857,646.9285714285714,211.99496010661673,674.9885758735905
692,549.9032258064516,648.3225806451613,211.9600726906198,676.9495138901757
693,549.8666666666667,649.8,211.95166791841928,679.0253743197487
694,550.5135135135135,651.3243243243244,212.6362033959335,681.1289062291956
695,550.8125,652.625,212.96398774102838,682.936798912043
696,551.0,653.8888888888889,213.17806543355476,684.698565403598
697,551.4,655.2285714285714,213.60860053693094,686.5542543081538
698,551.6857142857143,656.3714285714286,213.91954054996572,688.1397305656284
699,552.0,656.8888888888889,214.2473916790819,688.847490681664
700,552.1428571428571,657.5142857142857,214.40383950239072,689.7154623411677
701,552.2777777777778,658.3888888888889,214.55689557078645,690.932657814113
702,552.4411764705883,659.7058823529412,214.74711466904589,692.766973325457
703,552.483870967742,660.1935483870968,214.79955295502333,693.4470041991764
704,553.0625,660.40625,215.38874839475938,693.713263747289
705,552.8857142857142,661.3142857142857,215.2271023159488,694.9929925266209
706,553.4871794871794,661.8461538461538,215.8452628596791,695.7042778368905
707,553.939393939394,662.4848484848485,216.3144508260408,696.5729651774049
708,554.6285714285714,664.4,217.04686476764437,699.212709794626
709,554.7297297297297,665.4594594594595,217.168742595842,700.6874818601034
710,554.96875,667.34375,217.44516627484595,703.3060948046418
711,554.9677419354839,669.1612903225806,217.47772821343165,705.8430737214204
712,555.7307692307693,671.4230769230769,218.29004392403328,708.95708113609
713,556.2857142857143,673.5714285714286,218.8896585711454,711.9221097742256
714,556.3529411764706,676.1470588235294,219.00454879548607,715.5064780009693
715,556.72,679.04,219.42747070789866,719.5135650066301
716,556.4782608695652,681.4347826086956,219.22725209383248,722.8571321731254
717,556.5238095238095,684.1904761904761,219.3232480653566,726.6844101339833
813,561.28,741.76,225.11324069761685,805.7260535697478
814,561.7391304347826,744.3478260869565,225.61627810419054,809.2350313685873
831,537.625,754.2916666666666,201.7418624180432,824.0038473260313
832,537.0740740740741,758.5925925925926,201.28170503255478,829.8752607412457
833,537.0357142857143,761.5714285714286,201.30496032600252,833.9200645814083
834,537.3,763.7,201.61187002790155,836.7935347216442
835,537.2333333333333,765.5666666666667,201.58396666701884,839.3268757685424
836,537.551724137931,767.0689655172414,201.93154092626335,841.3461006515801
837,537.78125,768.625,202.19174930844522,843.441611093881
838,538.15625,769.6875,202.58637348751733,844.861017383674
839,537.9444444444445,771.1944444444445,202.40659444172178,846.9106182792704
840,537.921052631579,772.421052631579,202.4084282031579,848.5708060910167
841,538.0,773.7352941176471,202.5137030144957,850.3436775210624
842,538.3513513513514,775.1081081081081,202.89082920529978,852.1814554640777
843,538.1578947368421,776.4736842105264,202.72643219563454,854.0359120102527
844,538.0952380952381,777.7142857142857,202.68945392419238,855.7143304835438
845,538.1,779.125,202.72292299613784,857.6183499718803
846,538.5135135135135,780.3783783783783,203.15896533223955,859.2890080451557
847,538.2558139534883,782.1860465116279,202.93989713741968,861.739853197653
848,538.5675675675676,783.1621621621622,203.26911961681702,863.0403944646336
849,539.0,784.3414634146342,203.72208552917104,864.6084073961645
850,539.3846153846154,785.4358974358975,204.12578077237163,866.0638973521212
851,539.7179487179487,786.1282051282051,204.4703586093788,866.9799467343014
852,540.0243902439024,786.2682926829268,204.7771649160123,867.1534501700032
853,540.4736842105264,787.3421052631579,205.24428636012314,868.5771947995798
854,540.3809523809524,788.1904761904761,205.1692851778144,869.7238787380603
855,541.0,789.0,205.79926963435878,870.7828301456874
856,540.925,789.825,205.74129948005591,871.8966397878273
857,541.560975609756,790.5365853658536,206.38596008111628,872.8225083453796
858,541.5263157894736,791.0526315789474,206.36180643678955,873.5183260182916
859,541.5263157894736,791.7368421052631,206.37534908475945,874.4384414722006
860,541.8974358974359,792.6153846153846,206.7605867743008,875.6013586525027
861,542.3157894736842,793.3947368421052,207.19053521618076,876.6283691083621
862,542.5128205128206,794.2307692307693,207.40220282312993,877.7422317454617
863,542.5365853658536,795.9024390243902,207.45853456227647,879.9867656232828
864,543.6052631578948,797.4736842105264,208.54787120949942,882.044076215581
865,543.7142857142857,799.3428571428572,208.69216315168737,884.5472717234544
866,543.8571428571429,801.6,208.87737398639774,887.5677086197086
867,545.0,804.0294117647059,210.05540869834172,890.7681950607591
868,544.7333333333333,806.2333333333333,209.83394269461843,893.7332535886563
869,544.7407407407408,808.9629629629629,209.89373838051586,897.3864124105899
870,544.625,812.0,209.83771062225088,901.453575928982
871,545.0,814.3461538461538,210.25331379423153,904.5704615660014
962,547.9047619047619,862.6666666666666,214.02228244024732,968.52449286698
965,548.6363636363636,869.5909090909091,214.86711710842636,977.6006889321395
966,548.5652173913044,872.7826086956521,214.85590631731077,981.7972167566462
968,549.5714285714286,878.2857142857143,215.94167448363433,988.9713968514222
969,549.2380952380952,880.3809523809524,215.653456232611,991.7330362094664
982,531.3333333333334,868.875,197.8972387203163,977.4649210622341
984,526.047619047619,882.2857142857143,193.00835441608956,995.2965919681224
985,524.4137931034483,888.1034482758621,191.5375740278638,1002.9790379298174
986,524.0384615384615,892.5384615384615,191.26728621748998,1008.7866528109246
987,524.0,895.5333333333333,191.2947301188333,1012.6943208983787
988,524.0,897.4814814814815,191.33696405972086,1015.2333049044757
989,524.6774193548388,899.1612903225806,192.0338768243123,1017.3905645368268
990,524.4242424242424,900.8181818181819,191.8228041426672,1019.5592275072471
991,524.3870967741935,902.2258064516129,191.81696463275432,1021.3927899107389
992,525.0,903.3939393939394,192.43943063553425,1022.8845465986112
993,524.9714285714284,904.6285714285714,192.43813363208332,1024.4914721995058
994,525.1142857142858,906.0857142857143,192.60856023477962,1026.3791316241
995,525.1714285714286,907.4,192.69245836657296,1028.0844047181379
996,524.975,908.875,192.53277871070026,1030.009101932149
997,525.342105263158,910.2368421052631,192.9193986091306,1031.7606473760802
998,525.2325581395348,911.5116279069767,192.84004268851598,1033.4201467975222
999,525.275,913.45,192.92286665513507,1035.9327593585333
1000,525.6666666666666,914.7692307692307,193.33211916800659,1037.6256885812709
1001,525.5,916.2368421052631,193.20128251773502,1039.535348180666
1002,525.813953488372,917.5116279069767,193.5338145791824,1041.1729444395341
1003,526.0444444444444,918.8,193.78532856106702,1042.8311638501004
1004,526.2619047619048,919.7142857142857,194.0161781978724,1044.0051929393107
1005,527.0263157894736,920.5263157894736,194.77648508941613,1045.0220429397182
1006,527.25,921.6818181818181,195.01828621664973,1046.5073423350384
1007,527.279069767442,922.3255813953489,195.0600794459544,1047.3388633018355
1008,527.452380952381,923.0,195.24272761695605,1048.2034893361256
1009,527.6304347826087,924.195652173913,195.44085156438715,1049.7417119517754
1010,528.05,924.575,195.85644889530863,1050.2134047102272
1011,528.309523809524,925.6190476190476,196.13041170845966,1051.55130183978
1012,528.4186046511628,926.2325581395348,196.24917425241864,1052.3392903361778
1013,528.6279069767442,926.8604651162791,196.46561857929382,1053.1412832503738
1014,529.35,928.25,197.19575584098138,1054.9039746177534
1015,529.190476190476,929.4047619047619,197.06483316438025,1056.4021634548992
1016,529.891891891892,930.4864864864865,197.76821801401672,1057.767293811545
1017,530.0,932.6666666666666,197.91810519992848,1060.5754041265745
1018,530.5135135135135,934.4594594594595,198.45327838481862,1062.8644129590457
1019,531.470588235294,936.6176470588235,199.42596363522776,1065.6034738166618
1020,531.375,939.4375,199.39072685484868,1069.239229133282
1021,531.925925925926,941.5185185185185,199.96713993791545,1071.8930626891934
1022,531.7037037037036,944.7777777777778,199.81790848841487,1076.094144676934
1023,531.8928571428572,947.5,200.05639821063073,1079.5834756276095
1024,532.2727272727273,949.7727272727273,200.47017087511912,1082.4848058993841
1026,532.1363636363636,953.9545454545455,200.42260883660595,1087.8549192505332
1108,540.1363636363636,980.4545454545455,208.66835400690968,1121.3543626938126
1111,538.3809523809524,985.5714285714286,207.07375230146417,1127.9353299131897
1114,534.7916666666666,999.4166666666666,203.8870349212793,1145.6422426259455
1115,535.2307692307692,1001.7692307692307,204.35504095661568,1148.5994886451936
1116,534.952380952381,1004.1904761904761,204.1347277944451,1151.6717997307867
1117,535.0,1006.5,204.22548866767067,1154.5871392091174
1118,535.2727272727273,1009.4545454545455,204.5448552720432,1158.3050197673156
1119,536.2608695652174,1012.4782608695652,205.55190727561524,1162.0771491918786
1120,536.7916666666666,1015.2916666666666,206.11536031454446,1165.6002957394437
1121,536.5,1017.5,205.87799329135703,1168.3932388447784
1122,536.0869565217392,1019.7391304347826,205.52504606156452,1171.228197751011
1123,536.2380952380952,1021.3809523809524,205.70151498239073,1173.28690424797
1125,536.190476190476,1026.5714285714284,205.75567834184122,1179.8106035465735
1135,517.7857142857144,1006.5357142857142,187.69825901570394,1155.354459364009
1136,515.9090909090908,1012.6363636363636,186.0319718524047,1163.1263243857106
1137,512.9090909090908,1020.4090909090909,183.330076466879,1173.033093868775
1138,510.8148148148148,1026.7037037037037,181.46734208351376,1181.0250049464023
1139,510.33333333333326,1030.6363636363635,181.0960867687509,1185.9763295349903
1140,510.58823529411757,1033.5882352941176,181.40673896526283,1189.6638627572515
1141,510.3823529411766,1036.264705882353,181.27067797703566,1193.0224773810369
1142,510.68421052631584,1037.7631578947369,181.5929878914405,1194.884784217099
1143,510.6857142857143,1039.4571428571428,181.63273215058996,1197.0029252044503
1144,511.25,1041.0277777777778,182.2070417464836,1198.9429989913308
1145,511.4878048780488,1042.219512195122,182.46089304189238,1200.4221189176747
1146,511.5277777777778,1043.4722222222222,182.52721563517434,1201.98503055849
1147,511.74358974358984,1044.897435897436,182.76519923865442,1203.7556832222917
1148,511.5454545454545,1046.0227272727273,182.60137299995753,1205.168078076171
1149,511.66666666666674,1048.025641025641,182.76196050218954,1207.6617336102922
1150,511.70000000000005,1049.2,182.82010253889902,1209.1246357458206
1151,511.780487804878,1050.3170731707319,182.92187447321203,1210.5137879953388
1152,511.9285714285711,1051.642857142857,183.09273186306402,1212.159826353444
1153,512.046511627907,1053.0232558139535,183.23603537734482,1213.8745764160733
1154,512.1739130434785,1054.804347826087,183.3972074786193,1216.0868315742641
1155,512.4375,1056.1041666666665,183.6773773599608,1217.6937777468743
1156,512.3571428571429,1057.2857142857142,183.6271091950621,1219.1670440033836
1157,512.8199999999999,1058.52,184.09549753468912,1220.6833369351068
1158,512.9782608695652,1059.6739130434783,184.27183679392948,1222.111548043428
1159,513.75,1060.4375,185.02365976102215,1223.0294966087658
1160,513.9545454545455,1061.318181818182,185.23783639136624,1224.1156873846053
1161,513.9574468085109,1062.0425531914893,185.25658256083256,1225.015473516732
1162,514.3260869565215,1062.5,185.6176216847306,1225.568808355035
1163,514.5681818181818,1063.2272727272727,185.86403184664303,1226.4623364171416
1164,515.0,1063.891304347826,186.28963265676393,1227.2695655111902
1165,514.9268292682927,1064.6585365853657,186.23676152795056,1228.2249552284868
1166,515.375,1065.2916666666665,186.67713755339528,1228.9927375935426
1167,515.3,1066.575,186.63375185849145,1230.588187524385
1168,515.4871794871794,1067.4871794871794,186.83174751666584,1231.7123047798234
1169,515.9142857142856,1068.7428571428572,187.26539405321904,1233.2523251866417
1170,516.1190476190477,1070.2142857142858,187.49203903771806,1235.0681994477036
1171,516.9444444444443,1072.0555555555557,188.31680269598826,1237.3167747131363
1172,517.2162162162165,1073.7027027027027,188.61062133710857,1239.3459844452302
1173,517.6666666666667,1075.7878787878788,189.0836030171737,1241.9090347285123
1174,518.1666666666667,1078.3333333333335,189.6131775543667,1245.0380722836428
1175,518.3333333333333,1080.878787878788,189.82576769025164,1248.177965694294
1176,518.5517241379309,1084.2413793103449,190.1047258068842,1252.3224628549817
1177,518.3199999999999,1087.3200000000002,189.95034302481682,1256.1305729284493
1178,518.1363636363635,1089.409090909091,189.82058517943634,1258.7138373755308
1243,527.590909090909,1106.590909090909,199.13367401767297,1279.4753801587635
1247,527.909090909091,1112.2272727272727,199.5469206519665,1286.373392422229
1269,520.5,1145.5,193.2301087968591,1327.222572153909
1271,521.0,1151.086956521739,193.81560002520703,1333.977588974711
1272,521.5,1154.1363636363635,194.34827026005541,1337.6516837083318
1273,522.1428571428571,1156.8095238095239,195.00709970416256,1340.8623246904
1274,522.1304347826087,1159.4347826086955,195.04884874912827,1344.037065395277
1287,503.8260869565215,1145.3478260869565,177.53878676764657,1327.6657439339376
1288,502.2692307692307,1150.423076923077,176.1914360548533,1333.8757985692037
1290,496.8800000000001,1165.6,171.4863942487262,1352.4180098717893
1291,495.4848484848485,1171.060606060606,170.3082249635661,1359.0490759387083
1292,495.2258064516129,1174.7096774193549,170.15236212142358,1363.4498433617234
1293,495.17647058823536,1177.5882352941176,170.1746445703262,1366.9123656859492
1294,495.82051282051293,1179.3589743589744,170.81941992370275,1369.0162650762702
1295,495.4000000000001,1180.8571428571427,170.46143722942097,1370.8308482118944
1296,496.0294117647061,1182.6764705882354,171.0933276986683,1372.9917124529825
1297,496.1282051282051,1184.1538461538462,171.22060971137026,1374.7606036254797
1298,495.9722222222222,1185.4444444444443,171.1052320272975,1376.314247501635
1299,496.051282051282,1187.4615384615386,171.22674123504873,1378.7294665217323
1300,496.0277777777778,1188.3055555555557,171.22468958709385,1379.741701948626
1301,496.04761904761904,1190.0714285714284,171.28487466938847,1381.856296327688
1302,496.0769230769231,1190.8461538461538,171.33054104403888,1382.7830031988155
1303,496.19512195121956,1192.5853658536585,171.4819243259351,1384.8605409039958
1304,496.71052631578937,1193.8157894736842,171.99225037513335,1386.3141951077887
1305,496.65116279069775,1195.1860465116279,171.9689450926525,1387.955328480446
1306,496.42553191489355,1196.851063829787,171.79738272078598,1389.9542355878887
1307,496.5319148936171,1197.9574468085107,171.9226587950773,1391.2726209111122
1308,496.86666666666656,1199.4888888888888,172.27097451257836,1393.0902534151378
1309,496.9285714285711,1201.1428571428573,172.3674261452273,1395.0631388124225
1310,497.4545454545455,1202.0681818181818,172.87977339538375,1396.1489448241275
1311,497.7441860465117,1202.2325581395348,173.15378024296058,1396.3346437146336
1312,498.1190476190477,1203.8809523809523,173.5417870999144,1398.288266312085
1313,498.14634146341473,1204.5365853658536,173.58245256193317,1399.0694205854081
1314,498.47619047619037,1205.547619047619,173.91350872634757,1400.2633452928098
1315,498.5121951219512,1206.439024390244,173.96772648821545,1401.3248632846387
1316,498.6341463414635,1207.0,174.09440706128055,1401.9893080320107
1317,498.7692307692307,1208.0,174.2434456853293,1403.1763239697398
1318,498.85365853658527,1208.5853658536585,174.335679316756,1403.870773364223
1319,499.219512195122,1209.5121951219512,174.69804765966433,1404.9619223349148
1320,499.0,1209.7631578947369,174.49925028390282,1405.2687240023736
1321,499.7249999999999,1211.0,175.2033482447537,1406.7157575777012
1322,500.16666666666674,1212.595238095238,175.65142945278546,1408.599034326493
1323,500.37837837837833,1213.5135135135135,175.86968687757079,1409.6843520502098
1324,500.64864864864876,1215.5405405405404,176.1677072040367,1412.0859627154284
1325,500.9375,1217.59375,176.4834632555358,1414.5167767895655
1326,501.36666666666656,1219.7,176.93085065408744,1417.0041835742154
1327,501.5714285714289,1222.4857142857143,177.18457649592162,1420.304820077001
1328,502.2903225806451,1224.967741935484,177.90941130742988,1423.2245311838576
1329,501.83333333333326,1227.875,177.55006230002235,1426.687704084437
1330,501.7391304347825,1230.7391304347825,177.52716931409313,1430.0842299732271
1422,503.1363636363635,1290.3181818181818,180.1492633498595,1500.0142938956824
1425,503.3809523809523,1297.952380952381,180.54252024369745,1508.8898907665987
1426,503.8571428571429,1301.1904761904761,181.05189083885543,1512.6365129980518
1441,485.9565217391305,1293.086956521739,164.38525423316284,1503.8122252280718
1442,484.6923076923076,1298.576923076923,163.35475806031153,1510.237278846914
1443,480.68181818181824,1307.5454545454545,159.8873533704299,1520.7759365379961
1444,478.0,1314.6923076923076,157.60256599284202,1529.1373754764318
1445,477.3103448275865,1319.7586206896551,157.09682760922198,1535.0147735764488
1446,477.0714285714289,1323.25,156.9654123687511,1539.0524281186797
1447,476.88571428571436,1325.8571428571427,156.860637491879,1542.065266753617
1448,477.0333333333333,1327.5333333333333,157.03795142440592,1543.9924001816146
1449,477.4285714285711,1329.5142857142857,157.44962226088944,1546.26170671252
1450,477.5142857142855,1331.1428571428573,157.5688514424596,1548.1341386984552
1451,477.5641025641023,1332.5897435897436,157.6506337488398,1549.7978820525423
1452,477.6756756756756,1334.2162162162163,157.79337721583752,1551.6655259554552
1453,477.9333333333334,1335.822222222222,158.06921573970473,1553.5042014509347
1454,477.6153846153843,1337.0512820512822,157.80891336526219,1554.9272381103629
1455,477.95238095238096,1338.1190476190477,158.14385700101056,1556.1434375586202
1456,477.9749999999999,1339.7,158.2038832677782,1557.9588449678745
1457,477.9756097560976,1341.0487804878048,158.23799144084214,1559.507759010402
1458,477.8684210526317,1342.8157894736842,158.1839017361718,1561.539360986641
1459,477.52631578947376,1344.5,157.9130697712253,1563.4825559659303
1460,477.948717948718,1345.897435897436,158.33391524826965,1565.0716483357057
1461,478.3095238095241,1347.6428571428573,158.70690008295887,1567.060853763316
1462,478.1428571428571,1349.1190476190477,158.5912310823213,1568.7576035951568
1463,478.52380952380963,1350.5238095238096,158.9739930726262,1570.3544546759197
1464,478.95000000000005,1351.325,159.38304808228943,1571.2582271458682
1465,479.0526315789473,1352.2894736842104,159.50056267641932,1572.3590544159977
1466,479.65116279069775,1353.5581395348836,160.07828462902555,1573.791935609116
1467,479.5641025641023,1354.1794871794873,160.01409379636593,1574.5055869477437
1468,479.97619047619037,1355.1904761904761,160.41509541818576,1575.6489589352614
1469,480.2045454545455,1355.75,160.6372578974801,1576.2816665151531
1470,480.3095238095241,1355.8809523809523,160.73625892952938,1576.4281226877567
1471,480.7857142857142,1356.7142857142858,161.19125675606688,1577.3657724358843
1472,481.25641025641016,1357.871794871795,161.64904341665937,1578.6741117994056
1473,481.2051282051282,1358.6410256410256,161.62098734674,1579.5547338359177
1474,481.4047619047619,1359.3333333333333,161.81996482558074,1580.3395224807757
1475,481.5714285714289,1360.9142857142856,162.01044906620746,1582.140036413143
1476,482.0,1362.1875,162.432220932142,1583.5802345995173
1477,481.878787878788,1364.030303030303,162.36632732752923,1585.687217403947
1478,482.6875,1365.96875,163.15048364708562,1587.8730538288073
1479,482.51724137931024,1367.896551724138,163.04179912337747,1590.0764087940336
1480,483.51724137931024,1370.2413793103449,164.00941357158337,1592.716833979227
1481,483.54166666666674,1373.1666666666667,164.10178206565791,1596.0470232254254
1482,483.4285714285711,1376.0,164.06668891599662,1599.2743035565134
1591,467.53846153846143,1445.8076923076924,151.39766004251626,1678.387425595718
1594,459.9666666666667,1467.9333333333334,145.15571292410456,1703.2151396577005
1595,458.88571428571436,1474.0,144.34423208349898,1709.967163756952
1596,458.5142857142855,1478.0,144.11609763702012,1714.4031584177508
1597,458.29268292682923,1480.2926829268292,143.97765245861532,1716.9438572701943
1598,458.6341463414635,1482.4634146341464,144.34087691912535,1719.3321702811352
1599,458.5365853658536,1484.2926829268292,144.3014392613666,1721.3548176899333
1600,458.5250000000001,1485.6,144.32535714439467,1722.7979434245224
1601,458.7560975609756,1487.3170731707316,144.5774740653339,1724.6857179080512
1602,458.82926829268285,1488.7073170731708,144.67942552211412,1726.216810277922
1603,458.34285714285716,1490.4857142857143,144.29037863471814,1728.1909343802681
1604,458.375,1491.625,144.34903305993114,1729.4453770006878
1605,458.7249999999999,1492.9,144.69581627353907,1730.839995381901
1606,458.5999999999999,1494.65,144.62971271520735,1732.7704005629755
1607,458.53488372093034,1496.5581395348836,144.6213579741631,1734.872145368607
1608,458.43902439024396,1497.9756097560976,144.57267808768245,1736.4341259840835
1609,458.6904761904759,1499.4285714285713,144.83563043672027,1738.0248467612173
1610,458.7750000000001,1500.925,144.95029445989863,1739.6673864549452
1611,458.7750000000001,1502.475,144.99074792016674,1741.3703654597675
1612,458.8809523809523,1503.8095238095239,145.1202938243869,1742.8332303959166
1613,459.0769230769231,1504.8461538461538,145.32250513761556,1743.9659617984403
1614,459.3636363636365,1505.8181818181818,145.60407390873715,1745.024990077615
1615,459.7619047619048,1507.1190476190477,145.99378452353764,1746.4413523872213
1616,459.8421052631579,1507.921052631579,146.0862529185048,1747.3189717361527
1617,460.48648648648646,1508.7297297297298,146.6829500423889,1748.1881169230214
1618,460.48717948717945,1509.3076923076924,146.698515890998,1748.8219586281737
1619,460.91176470588243,1510.0588235294117,147.09722259936132,1749.6337315507349
1620,461.1290322580646,1510.9032258064517,147.31305374674804,1750.5533219317228
1621,461.17073170731715,1512.0975609756097,147.38106799637845,1751.861074429295
1622,461.8421052631579,1512.8157894736842,147.99909377570728,1752.6294787509626
1623,461.8205128205127,1514.0,148.01020830958842,1753.9272361718904
1624,461.8974358974358,1514.5897435897436,148.09399707180467,1754.5709335203328
1625,462.1500000000001,1516.125,148.3588029423429,1756.2448218488971
1626,462.28205128205127,1517.2564102564102,148.50561980501615,1757.4795043631361
1627,462.5,1518.4444444444443,148.73049952965235,1758.7732845383612
1628,462.71052631578937,1520.578947368421,148.97283435830144,1761.101854504126
1629,462.78787878787875,1522.4545454545455,149.089627564454,1763.149846641145
1630,463.55172413793093,1525.103448275862,149.8381650179056,1766.0224575179232
1631,464.4814814814815,1527.5185185185185,150.7281662989131,1768.633622614816
1632,464.74074074074065,1530.3333333333333,151.0302287696374,1771.6973099802826
1633,464.0,1533.28,150.44465602213424,1774.9295330533928
1727,463.91304347826076,1610.5217391304348,152.29946640519773,1858.239524524417
1728,464.909090909091,1613.5454545454545,153.2521104058156,1861.4410025987418
1729,464.4347826086955,1616.8260869565217,152.91503365724313,1864.9509030846611
1745,440.7142857142858,1621.1904761904761,132.14796591902282,1870.1935261209203
1746,437.6428571428571,1629.0357142857142,129.66366329245406,1878.608603546041
1747,436.9230769230769,1634.2692307692307,129.17637595739097,1884.1791448128367
1748,436.19444444444434,1638.25,128.64725404629343,1888.415429733935
1749,436.375,1641.125,128.88542164513845,1891.4548281054736
1750,436.53846153846143,1642.974358974359,129.08002709207707,1893.4075814816104
1751,436.8717948717949,1645.0,129.42836944800308,1895.541608274436
1752,436.66666666666674,1646.6923076923076,129.29531314343643,1897.3353870397075
1753,436.8888888888889,1648.0277777777778,129.52700129871496,1898.741134075444
1754,437.051282051282,1649.5641025641025,129.7117056836997,1900.3597859984584
1755,436.7560975609756,1651.7317073170732,129.51291875111713,1902.6553020988547
1756,436.95000000000005,1653.15,129.7218945900897,1904.147217096345
1757,436.875,1654.6666666666667,129.69801561059666,1905.7487405536879
1758,436.7750000000001,1656.0,129.64721283055312,1907.1570714452607
1759,436.5999999999999,1658.0666666666666,129.55101549942736,1909.3394001481342
1760,436.79999999999995,1659.4,129.76278471945,1910.7392209966922
1761,436.70000000000005,1661.075,129.72143645999964,1912.5054003528314
1762,436.79999999999995,1662.7,129.85363624603582,1914.2134462117222
1763,437.09302325581393,1664.6046511627906,130.16230140874862,1916.2103062978867
1764,436.7560975609756,1665.7317073170732,129.89866279084956,1917.403723738526
1765,437.51282051282055,1667.2820512820513,130.60283619881997,1919.0155672254555
1766,437.5526315789473,1668.6052631578948,130.6739014215943,1920.4051282263165
1767,437.95000000000005,1669.825,131.0545908074789,1921.6770593906015
1768,438.04878048780483,1670.2682926829268,131.1530139406706,1922.1403901500385
1769,438.6470588235295,1671.294117647059,131.70383604102008,1923.2033266302608
1770,438.8421052631579,1672.2631578947369,131.9006459891405,1924.216157510953
1771,438.69444444444434,1672.8333333333333,131.78717507707688,1924.8182050489318
1772,439.08333333333326,1674.25,132.1654329782938,1926.2955900244358
1773,439.0,1675.0588235294117,132.11461938829999,1927.1461457544785
1774,439.08823529411757,1675.5294117647059,132.20446188918882,1927.63766421089
1775,439.5588235294117,1676.7058823529412,132.64737068212492,1928.8603293329702
1776,439.4242424242425,1677.5454545454545,132.55261315548918,1929.7436808975192
1777,440.15625,1678.84375,133.22684273869507,1931.0872073137962
1778,440.6774193548388,1680.258064516129,133.7199698568672,1932.556795880284
1779,440.7586206896551,1681.2758620689656,133.81824684659657,1933.6210325218822
1780,440.7241379310344,1683.5172413793105,133.8485413853043,1935.9686175222037
1781,441.2222222222222,1685.7407407407409,134.34284226654822,1938.28364366021
1782,441.5999999999999,1688.12,134.73613365771044,1940.7630463314927
1783,441.83333333333326,1691.0416666666667,135.01777840662243,1943.810973547543
1797,467.9661016949151,1747.6610169491526,159.14504260966316,2001.948086504655
1806,467.1147540983609,1747.6065573770493,158.40637413722703,2001.9108972920542
1807,462.17708333333326,1748.65625,154.1553793345547,2003.1013465023539
1808,467.8113207547169,1747.6415094339623,159.0105171973845,2001.9314031697286
1809,459.3421052631579,1749.5438596491229,151.72245974264445,2004.077859171956
1810,446.5444444444445,1750.6888888888889,140.67612688448406,2005.5391805970075
1811,466.2542372881355,1749.2542372881355,157.69999664835197,2003.6267327023047
1811,432.83333333333326,1751.4901960784314,128.83918786113566,2006.6662241311412
1812,439.4541484716158,1751.5021834061135,134.56456882917,2006.532370073372
1813,438.3154574132493,1751.9400630914827,133.59152713392362,2007.00775522385
1814,439.6111111111111,1752.067901234568,134.7153355602905,2007.1105781659983
1815,438.7893081761006,1752.0849056603772,134.00514148152735,2007.1462830101314
1816,453.5059523809523,1750.345238095238,146.69090876160527,2005.0317344562384
1817,436.74278215223103,1752.538057742782,132.247700761834,2007.657286052892
1818,453.25433526011557,1750.3699421965318,146.47378361188777,2005.0627968171527
1819,436.6711409395973,1753.013422818792,132.19855809069915,2008.1474958674603
1820,438.2931937172775,1752.4450261780105,133.58575609657723,2007.5274657982318
1821,443.5254237288136,1751.819209039548,138.09398891286494,2006.7685000383362
1822,444.3594594594597,1751.7243243243245,138.81290037283105,2006.6525474676157
1823,438.70175438596493,1752.7504873294347,133.94718150434758,2007.8324404632845
1824,435.7449768160741,1753.6259659969087,131.41437744977145,2008.797482583637
1825,442.4056399132321,1752.0195227765728,137.13076429537887,2006.9992058713863
1826,433.8623481781376,1753.5202429149797,129.78410942119297,2008.730312814799
1827,471.78688524590166,1750.704918032787,162.5246832593415,2004.9976136117114
1827,434.70933333333323,1753.1333333333332,130.50576972002517,2008.3139469912435
1828,446.45687645687644,1752.3706293706293,140.6437919538055,2007.2708115065193
1829,440.9605568445477,1753.1020881670534,135.90963291013074,2008.1440415453321
1829,471.3076923076924,1753.923076923077,162.1838390192717,2008.3191561904464
1830,446.0,1752.3943089430895,140.24923588532485,2007.3052431641313
1831,407.8064516129032,1744.483870967742,106.99973884523367,2000.0116512806246
1831,443.7121771217712,1752.7878228782288,138.28082046282435,2007.760354918053
1832,408.17948717948707,1744.6923076923076,107.3285221594714,2000.21789201568
1832,441.0293685756242,1754.1013215859032,135.9954962788956,2009.1696035626276
1833,408.25714285714275,1744.6,107.39289105831826,2000.121160175095
1833,439.9635499207609,1753.985736925515,135.07099204945368,2009.07427256742
1833,472.78125,1760.28125,163.60456079970237,2014.8202635126847
1834,409.4545454545455,1744.5151515151515,108.4256352530088,2000.0072270409541
1834,442.4349845201241,1754.3761609907122,137.218018074243,2009.4211626535202
1835,407.74285714285725,1744.5714285714284,106.94739435613981,2000.1031716436482
1835,439.7097264437689,1754.9650455927053,134.87752877503195,2010.0862343028264
1836,408.0,1744.5588235294117,107.16933232126559,2000.0845178132477
1836,441.17808219178073,1754.869101978691,136.14432526626544,2009.955342197858
1837,407.74285714285725,1744.5428571428572,106.94653226784122,2000.0737641968815
1837,438.624213836478,1754.9512578616352,133.93882899438546,2010.0959452281406
1838,408.2285714285715,1744.5714285714284,107.3673342404952,2000.0923868688126
1838,437.4013266998345,1754.9651741293533,132.88217740554853,2010.1371468474013
1839,408.258064516129,1744.5483870967741,107.3921271876223,2000.0679798828937
1839,441.63798701298697,1755.2581168831168,136.5521729283666,2010.3448150219128
1840,466.3521126760563,1754.2347417840376,157.90223504806463,2008.748871919048
1840,417.32291666666674,1759.3020833333333,115.65949540244175,2015.030010831177
1841,407.77272727272725,1744.6363636363635,106.9751845423312,2000.1693654616677
1841,470.0358208955224,1754.5402985074627,161.09729707825053,2008.981853489651
1841,428.6117103235747,1764.3528505392912,125.54648520010026,2019.9617986655312
1842,405.1034482758621,1744.8620689655172,104.67441808732498,2000.4609708803434
1842,468.9747899159663,1754.7857142857142,160.18475564944876,2009.2576303747028
1842,427.4085684430513,1768.1609195402298,124.61412149258433,2023.8880544041153
1843,404.53846153846143,1744.5,104.17495004641225,2000.1008027478422
1843,472.0054644808745,1755.1256830601092,162.81541266189294,2009.540396548953
1843,406.2016129032261,1755.7983870967741,105.9551743668368,2011.6784416598416
1843,428.8681672025723,1772.1286173633441,125.98283438482923,2027.9161128014737
1844,475.81045751633997,1754.4117647058824,166.0925959483841,2008.7224039626535
1844,453.0,1751.1739130434783,146.27385909893997,2005.8955678465566
1844,406.0506329113923,1755.6455696202531,105.8202222670499,2011.524999192439
1844,409.1584158415842,1772.2623762376238,108.99965352293367,2028.4787157672895
1844,474.71153846153857,1768.4423076923076,165.45842496378972,2023.1487682075292
1845,473.47659574468094,1753.1829787234042,164.04438013354022,2007.5100824614167
1845,410.6640625,1755.1484375,109.7884528436855,2010.9132173979579
1845,407.20769230769224,1772.5307692307692,107.32715886942826,2028.7952209049572
1845,476.95833333333326,1768.3333333333333,167.39742214026197,2022.988353583619
1846,475.1166180758021,1753.6209912536442,165.47410454689395,2007.924416515727
1846,416.91666666666674,1754.65,115.17359971132282,2010.2639540194593
1846,411.72727272727275,1771.5272727272727,111.19121291916423,2027.6716898227119
1846,480.659090909091,1768.159090909091,170.59176577602048,2022.729250549623
1847,473.9238095238095,1753.4412698412698,164.43740667949785,2007.7659086676836
1847,417.39374999999995,1754.975,115.5951097011174,2010.5871850995788
1847,411.7065217391305,1770.8152173913045,111.15230123253332,2026.9440565936004
1847,480.3125,1767.8125,170.28461862300603,2022.3816124036027
1848,473.7119741100323,1753.5339805825242,164.25614144692506,2007.865881230414
1848,419.050847457627,1754.909604519774,117.0245381939717,2010.483558677575
1848,412.5842696629211,1770.7191011235955,111.90590892504235,2026.8268202243346
1848,480.6190476190477,1767.4285714285713,170.54116080370397,2021.981445779941
1849,451.3258003766475,1753.8568738229756,144.89303566889149,2008.6915941976774
1849,413.0625,1770.5729166666667,112.3137713573528,2026.6669118960965
1850,436.04566210045664,1753.2488584474886,131.66414548658273,2008.4033138871705
1850,475.11764705882365,1756.4313725490197,165.53849423936478,2010.8140661738348
1850,441.3636363636365,1760.8181818181818,136.46144289589958,2016.059258098427
1850,411.9795918367347,1770.8707482993198,111.38926845315619,2026.9949475407477
1851,447.5381750465549,1754.8845437616387,141.64362041474288,2009.8311747120488
1851,478.661971830986,1751.7042253521126,168.50100534720798,2005.8740471413846
1851,415.74285714285725,1758.4285714285713,114.27009255578868,2014.168453607539
1851,419.00617283950623,1770.2530864197531,117.42768669421964,2026.211125039134
1852,445.9664804469271,1755.013966480447,140.2879793360389,2009.9987302406178
1852,431.4355670103091,1770.368556701031,128.1483748854018,2026.0600900388279
1853,447.15423514538566,1754.6814159292035,141.30640829941984,2009.630883762336
1853,430.69270833333326,1770.5520833333333,127.51273717607646,2026.2640212695974
1854,450.8673469387754,1754.7698412698412,144.51959950272686,2009.6400929944994
1854,436.5454545454545,1770.799043062201,132.5673586690442,2026.3899424271142
1855,455.4928961748633,1754.7420765027323,148.51948153160467,2009.509643638587
1855,440.04656862745105,1770.7867647058824,135.58720311447792,2026.3015054225384
1856,451.3675027262814,1754.8505997818975,144.9541781954589,2009.7120082051306
1856,437.63488372093025,1771.1162790697674,133.51556263062238,2026.6909565701853
1857,459.3501544799176,1754.7785787847579,151.8570035270076,2009.4622191986123
1857,446.46556473829196,1770.6997245179064,141.12320149340317,2026.0733938341054
1858,459.5,1754.5347071583515,151.98069317947247,2009.2082048909579
1858,417.590909090909,1758.590909090909,115.87024218016452,2014.2945439021926
1858,446.45429362880895,1770.7036011080334,141.11355840517476,2026.077636168376
1859,410.33333333333326,1744.4444444444443,109.18335733674785,1999.914942183592
1859,449.1497142857145,1754.6228571428571,143.03047837076727,2009.526734254985
1859,435.1316964285711,1771.1607142857142,131.3576676118705,2026.790603335825
1860,414.44827586206907,1744.2758620689656,112.73670262647305,1999.649960926484
1860,453.2247596153843,1754.2692307692307,146.54588015565997,2009.0736367798434
1860,413.1739130434785,1758.2173913043478,112.04625591648788,2014.008063252041
1860,436.8232445520582,1770.8886198547216,132.80938069081702,2026.4756019157621
1861,415.0,1744.25,113.213089830936,1999.611055057535
1861,452.98423423423424,1754.5022522522522,146.34366618601405,2009.318340060852
1861,438.2648514851485,1770.9579207920792,134.05475320631055,2026.5152035111018
1862,456.3797606093581,1754.525571273123,149.28125921896248,2009.2675216579887
1862,442.34501347708897,1770.811320754717,137.57074984930236,2026.2768318809904
1863,415.1034482758621,1744.2413793103449,113.30230681164534,1999.5998317502456
1863,450.80865603644656,1754.4248291571753,144.46011448398662,2009.2867055173622
1863,436.07819905213273,1770.9265402843603,132.16774155513806,2026.5304516633494
1864,414.625,1744.3125,112.89061690453794,1999.6837447669968
1864,451.1059225512529,1754.4692482915718,144.7183339218823,2009.3258286949672
1864,435.6906976744183,1770.967441860465,131.83462362871452,2026.5806800095918
1865,412.6451612903229,1744.1290322580644,111.17305262824091,1999.538802400537
1865,446.12722948870396,1754.410225921522,140.41136561760885,2009.3748665091807
1865,431.5645514223197,1771.1641137855581,128.281351437871,2026.8711836217738
1866,452.7072892938495,1754.3564920273348,146.10047546992666,2009.1746257354362
1866,413.78125,1767.15625,112.8330501863004,2023.1555017714306
1866,440.8728813559319,1771.1864406779662,136.31058354837174,2026.6925453672018
1867,453.5649717514125,1754.432768361582,146.84423077906433,2009.234155890621
1867,414.8888888888889,1767.4444444444443,113.7965480885778,2023.4264657499184
1867,442.0432276657059,1771.193083573487,137.32037572813172,2026.674077096509
1868,463.8945686900961,1754.3099041533546,155.77744156384605,2008.8803457198828
1868,451.52258064516127,1770.3387096774193,145.47822496806654,2025.594353918693
1869,453.99014778325113,1754.3029556650247,147.20874113056965,2009.091408941506
1869,413.43902439024396,1758.2926829268292,112.27732029260214,2014.0795298770627
1869,414.2962962962963,1767.5185185185185,113.28775955950678,2023.5151737627532
1869,441.193083573487,1771.2910662824206,136.58955051708065,2026.7926499743921
1870,451.5716129032255,1754.276129032258,145.1162268116683,2009.1170781228363
1870,411.8367346938776,1758.265306122449,110.89340933640595,2014.086453609218
1870,413.0689655172414,1767.4482758620688,112.22748255489064,2023.4698485838949
1870,439.26176470588234,1771.55,134.93039948966518,2027.0994652880088
1871,454.98498122653314,1754.3166458072592,148.06959939285525,2009.0835478702172
1871,413.8918918918921,1758.3513513513512,112.66998298060058,2014.1297242528444
1871,414.03846153846143,1767.5384615384617,113.06602451475796,2023.541137050835
1871,442.563694267516,1771.2388535031846,137.7705927837155,2026.7096463142454
1872,445.93679775280907,1754.1235955056181,140.23928856266184,2009.0843560965204
1872,408.2857142857142,1758.1857142857143,107.82606438419808,2014.0825922641784
1872,409.42105263157896,1767.421052631579,109.08166332416998,2023.521174292729
1872,435.8364779874214,1772.0471698113208,131.98936423075918,2027.6820357257939
1873,434.572463768116,1754.7536231884058,130.43139421732772,2009.9820450404256
1873,409.2647058823529,1767.4705882352941,108.94836297247053,2023.5752914511934
1873,430.3974358974358,1772.8910256410256,127.32230324423624,2028.6625966978581
1874,443.85672514619887,1753.9239766081873,138.43545376879507,2008.9250397670314
1874,407.32894736842104,1758.171052631579,106.99988907643895,2014.0885233921492
1874,434.8372881355931,1772.1593220338982,131.13067878125375,2027.8183846331233
1875,445.7094395280235,1754.146017699115,140.04327004651904,2009.1124488931978
1875,407.8805970149251,1758.2089552238806,107.47711985171465,2014.1153858818989
1875,411.9655172413793,1767.344827586207,111.27305456143633,2023.3879754570942
1875,435.56849315068484,1772.2328767123288,131.76322941641385,2027.877858238909
1876,449.26375176304646,1754.428772919605,143.12415859407372,2009.3248679525313
1876,411.0,1758.6,110.18111962401383,2014.4481671326873
1876,411.84375,1767.5,111.17265673187248,2023.549420842002
1876,438.4964285714286,1772.0285714285715,134.28294684239418,2027.6055264360655
1877,434.80126182965296,1754.4842271293376,130.62186450031575,2009.7002128375123
1877,411.58064516129025,1767.4516129032259,110.94440307244601,2023.5056554020684
1877,430.5677655677655,1773.1538461538462,127.47637869707086,2028.9276352415143
1878,417.7268292682927,1754.419512195122,115.86671330697934,2010.009429128619
1878,438.6701030927834,1772.3298969072166,134.44074073955332,2027.910049173828
1878,398.95862068965516,1777.593103448276,100.37859711700867,2034.1431908704444
1879,435.0628803245436,1753.9229208924949,130.83278038329306,2009.117718211971
1879,404.3809523809523,1758.6349206349205,104.46990459708789,2014.6289125335732
1879,426.7458563535911,1774.475138121547,124.2184452326259,2030.360751998034
1880,441.02079002078995,1753.7817047817048,135.9796443891182,2008.8413470195705
1880,407.9183673469388,1758.6734693877552,107.52368555981906,2014.5910296245413
1880,449.5567010309278,1771.7835051546392,143.81814122163576,2027.1154524544118
1880,407.0769230769231,1776.7692307692307,107.34175084391535,2033.1277703917476
1881,427.41038961038953,1752.9142857142856,124.19075744402603,2008.2497222638617
1881,402.3432835820895,1758.5820895522388,102.71006138011947,2014.619309539065
1881,454.88679245283015,1759.5849056603772,148.11550251637584,2014.497546980569
1881,445.0,1772.3048780487804,139.90007347545276,2027.7475609098244
1881,401.88607594936707,1777.3544303797469,102.89087767360317,2033.8366090200889
1882,426.7344173441734,1752.8617886178863,123.60505418580567,2008.2106742894898
1882,402.060606060606,1758.530303030303,102.46456300940076,2014.5724121545018
1882,454.78431372549016,1759.5686274509803,148.02651412003368,2014.4830010437004
1882,445.9036144578313,1772.1807228915663,140.67642236621086,2027.6008912623058
1882,401.25,1777.6470588235293,102.35235349746678,2034.1490416747527
1883,435.3152173913045,1752.461956521739,131.01140007633788,2007.6104620782814
1883,406.3829787234042,1758.5531914893618,106.19503120298413,2014.5013122961889
1883,458.7910447761194,1759.8059701492537,151.4959990092197,2014.638933863658
1883,449.05617977528095,1771.7640449438202,143.38576630839097,2027.1064263354942
1883,406.51020408163276,1776.8775510204082,106.8570616283626,2033.2504992299066
1884,428.2394366197184,1753.0225352112675,124.91029536779818,2008.34273023772
1884,401.655172413793,1758.603448275862,102.11699850565506,2014.6562842170392
1884,454.4716981132076,1759.6792452830189,147.75906096211546,2014.6033801574968
1884,445.3506493506493,1772.4025974025974,140.20508864637753,2027.8398743686614
1884,401.78688524590166,1777.8196721311474,102.81973811781917,2034.3136712603316
1885,433.24927536231894,1752.817391304348,129.23500505699295,2008.0214136973223
1885,405.51351351351354,1758.7027027027027,105.44927189953204,2014.673732283985
1885,458.015625,1759.984375,150.83001808821734,2014.8390005399222
1885,445.5064935064936,1772.4415584415583,140.34054348231,2027.8763373130987
1885,400.1199999999999,1778.28,101.39925913626669,2034.8192178089002
1886,431.94812680115274,1752.9250720461096,128.11318728467768,2008.1607573185515
1886,405.4634146341464,1758.780487804878,105.40838876229695,2014.7545856606432
1886,457.0655737704917,1759.9180327868853,150.00713039815537,2014.791772883335
1886,446.58108108108104,1772.337837837838,141.26491990721323,2027.747079335224
1886,414.9047619047619,1775.952380952381,114.05846306547613,2032.1251897561342
1886,398.0645161290322,1778.483870967742,99.63672545424383,2035.0713387488706
1887,420.7923497267759,1753.0792349726776,118.47642276677543,2008.565006278311
1887,395.8539325842696,1758.4157303370787,97.10626126716527,2014.5908563480539
1887,450.8214285714289,1759.0357142857142,144.5877927728661,2014.0228635348544
1887,441.17647058823536,1773.0,136.62010944666645,2028.541157278301
1887,396.90526315789475,1778.2105263157896,98.6307182769928,2034.8173430849026
1888,405.2777777777778,1751.8947368421052,105.03907724354109,2007.6898245798332
1888,381.2857142857142,1757.0740740740741,84.49807813244797,2013.5338983501701
1888,371.939393939394,1771.6969696969697,76.9368764259967,2028.7047020815596
1888,388.9794520547946,1779.349315068493,91.848047065881,2036.1490434870827
1888,433.5769230769231,1773.6923076923076,130.08536598085587,2029.4131578957174
1889,402.4138888888888,1751.822222222222,102.56351246864828,2007.6784446320514
1889,379.4251207729469,1757.0772946859904,82.89378520910218,2013.5779151180195
1889,368.0,1772.0309278350517,73.55906877034883,2029.1307322584662
1889,431.4285714285711,1773.7619047619048,128.2351081355471,2029.5307946109644
1889,383.3373493975903,1780.0602409638554,87.0188554820199,2036.9947535342985
1890,398.4112149532709,1751.3457943925234,99.09226596595556,2007.2771463083527
1890,376.7033898305085,1757.0254237288136,80.54530496022169,2013.5843335476984
1890,364.9035087719301,1771.4912280701756,70.87671143229774,2028.6463268099503
1890,380.9888888888888,1780.4388888888889,85.01205225934024,2037.4310756933687
1891,394.3971119133571,1750.9061371841156,95.61238573341379,2006.9138651470107
1891,374.2290076335878,1757.0229007633588,78.41191415896613,2013.6360317005651
1891,361.3006993006993,1771.1118881118882,67.76439857567226,2028.3366874211115
1891,376.2829268292685,1781.029268292683,80.9861960497145,2038.133606847211
1892,398.00694444444434,1751.451388888889,98.74647372744458,2007.3945514369736
1892,376.941908713693,1757.116182572614,80.7539769273122,2013.6722462575556
1892,364.4375,1770.9910714285713,70.45846691801097,2028.1455128224802
1892,380.83333333333326,1780.5388888888888,84.8816117540541,2037.536445705452
1893,346.409090909091,1746.4545454545455,54.049984623418915,2003.3992020577834
1893,392.7620817843865,1750.799256505576,94.19727901091721,2006.8401735262353
1893,373.7086330935251,1756.9712230215828,77.96153409665843,2013.5943546032952
1893,360.1904761904759,1771.0748299319728,66.808178243366,2028.3227489042515
1893,375.2064220183486,1781.032110091743,80.06102107966075,2038.1594899091929
1894,358.1527777777778,1754.0949074074074,64.45225496404001,2010.9852879944808
1894,387.17499999999995,1750.355,89.35949493714698,2006.5068472199225
1894,360.3007518796992,1771.390977443609,66.9141482725972,2028.643298607767
1894,364.8268398268399,1782.6450216450216,71.19739632371439,2040.0245155071498
1895,348.570888468809,1752.7844990548203,56.146785404213546,2009.8514380430345
1895,370.11428571428564,1745.057142857143,74.45427422929546,2001.437697595255
1895,390.52808988764036,1752.5280898876404,92.32391199342615,2008.665298200375
1895,332.909090909091,1766.3939393939395,43.17576866127959,2024.1299820936315
1895,359.36440677966107,1771.2796610169491,66.10490002536572,2028.549799603961
1895,392.02631578947376,1778.921052631579,94.45527324631038,2035.6468231332774
1895,351.20111731843576,1784.4748603351957,59.562073159448765,2042.17796203506
1896,338.92379471228605,1751.98133748056,47.80440003533868,2009.2393545265654
1896,370.0,1745.1176470588234,74.3576894780596,2001.5025055395047
1896,385.04878048780483,1751.560975609756,87.56345298703586,2007.792742689284
1896,358.63478260869556,1771.3652173913042,65.4804214364436,2028.6529445128647
1896,347.7172774869109,1785.151832460733,56.59659972762483,2042.941030341776
1897,335.74020319303327,1751.6255442670538,45.04818043434816,2008.9442524688357
1897,369.344262295082,1744.9016393442623,73.78416003272147,2001.2948037440526
1897,332.090909090909,1766.090909090909,42.460713634664835,2023.8380316782584
1897,362.41891891891896,1770.527027027027,68.7057897537632,2027.714973295495
1897,348.21739130434776,1773.5217391304348,56.60160677884173,2031.07912009386
1897,344.77,1785.45,54.07842261318042,2043.3070058250735
1898,323.8039457459929,1750.639950678175,34.728663125309126,2008.1955284217167
1898,363.4666666666667,1744.9666666666667,68.71284914956661,2001.4919793319164
1898,295.8095238095241,1768.1904761904761,11.376731578986988,2026.7676118344596
1898,358.7755102040817,1770.1224489795918,65.55746297863517,2027.3803869202288
1898,348.125,1773.2916666666667,56.513805143488966,2030.8462725809143
1898,298.30941704035877,1791.0358744394618,14.481016125575616,2049.967344997609
1898,348.9661016949151,1784.915254237288,57.659720037078266,2042.6737405909666
1899,323.59876543209884,1750.6864197530863,34.55377778570063,2008.2477635103821
1899,363.4666666666667,1744.9666666666667,68.71284914956661,2001.4919793319164
1899,358.3953488372092,1770.1860465116279,65.23271712437484,2027.453576589655
1899,348.21739130434776,1773.1739130434783,56.58890341881282,2030.724181557399
1899,298.41395348837204,1791.0093023255813,14.569371823335638,2049.93813094898
1899,348.00840336134456,1785.0420168067226,56.842417231518596,2042.8230512540006
1900,318.2034739454091,1750.485111662531,29.89972909018822,2008.1599362973
1900,355.625,1769.875,62.838785873424165,2027.1956686620697
1900,294.4884488448845,1792.3069306930693,11.26428062645011,2051.3375993855325
1900,347.4000000000001,1785.1375,56.323785517602595,2042.9331246552833
1901,317.5115384615383,1750.3346153846155,29.297909767259778,2008.0207358456819
1901,290.65116279069775,1795.386046511628,8.112170658815154,2054.540652277533
1901,342.47368421052624,1786.1842105263158,52.13537931414999,2044.1027131748626
1902,314.391304347826,1749.8565217391304,26.592030501276415,2007.5989340944682
1902,272.45945945945937,1766.4594594594596,-8.73590558794987,2025.5052250502474
1902,271.0,1781.3666666666668,-9.317029967171653,2040.7239180962843
1902,292.7619047619048,1781.7619047619048,9.339045322121425,2040.6623683492062
1902,301.66666666666674,1784.7037037037037,17.092163938227745,2043.4643874404003
1902,334.6315789473683,1787.5526315789475,45.46052672633231,2045.6606500379826
1902,280.8767772511849,1799.045813586098,-0.08613103029456155,2058.4529984246633
1903,316.00270635994593,1749.9269282814614,27.982342762044617,2007.6356097133896
1903,274.5357142857142,1766.4642857142858,-6.954539168288479,2025.4651995751626
1903,273.5,1781.6363636363635,-7.164478428443898,2040.9448705047182
1903,297.625,1783.0625,13.560772280999611,2041.8815566117596
1903,338.0181818181818,1786.8545454545456,48.33850328722408,2044.879003095365
1903,284.7278481012661,1797.740506329114,3.148609067443015,2057.050558633176
1904,317.4457516339869,1749.8993464052287,29.223777833909416,2007.5755375328358
1904,297.03999999999996,1782.94,13.05439227011396,2041.7693688829293
1904,342.95348837209303,1785.9418604651164,52.53803509348597,2043.8460558813222
1904,290.47422680412365,1795.3230240549829,7.958156517694555,2054.4805258149854
1905,314.2942028985508,1749.8434782608697,26.50789229960752,2007.5876696627672
1905,271.7741935483871,1765.8064516129032,-9.353148006665185,2024.8533546758138
1905,298.48,1783.12,14.29578220888459,2041.921831592854
1905,335.6857142857143,1787.2285714285713,46.35219414596295,2045.308800805986
1905,280.72727272727275,1799.2153110047848,-0.2064890237639504,2058.627785231465
1906,316.28879892037776,1750.025641025641,28.23264305158649,2007.7306423049258
1906,298.5490196078431,1783.372549019608,14.36548200392383,2042.1772008058545
1906,337.2372881355932,1787.406779661017,47.68950609851358,2045.4570705309964
1906,285.0232018561485,1797.84686774942,3.4056764263211927,2057.1521809371307
1907,309.75257731958754,1749.8831615120275,22.59950331269595,2007.7283337046804
1907,267.21568627450984,1766.5686274509803,-13.228849866570675,2025.7299560597182
1907,256.1363636363635,1780.8636363636365,-22.062721186455036,2040.528980147625
1907,298.1836734693877,1783.3265306122448,14.050538388897586,2042.1381752163186
1907,277.30993150684935,1796.9914383561645,-3.2244271009827434,2056.4473942809655
1907,327.9047619047619,1789.142857142857,39.75442086837413,2047.4193290867981
1908,304.0619469026549,1749.9933628318583,17.705831838238083,2007.9666306981387
1908,246.6857142857143,1769.9714285714285,-30.66766835333335,2029.6434511531036
1908,266.8076923076924,1766.5576923076924,-13.579287414136065,2025.7276855799782
1908,254.8499999999999,1780.925,-23.160624253526095,2040.6187931730537
1908,298.0444444444445,1783.5111111111112,13.938966508148951,2042.328821243845
1908,269.0609002647841,1801.6345984112975,-10.064901833586662,2061.3197224558867
1909,301.73316708229436,1750.2369077306732,15.711819786589226,2008.2676557535428
1909,245.20833333333326,1769.4583333333333,-31.95779434094349,2029.1522706786893
1909,268.15094339622647,1766.566037735849,-12.42682638586503,2025.707127559963
1909,254.76923076923072,1781.1794871794873,-23.217870085371764,2040.879120119635
1909,241.0714285714289,1784.2857142857142,-34.78618360980587,2044.32612108096
1909,297.872340425532,1783.851063829787,13.805785905427507,2042.6781571287527
1909,266.30851825340005,1803.2648532569792,-12.341372283858272,2063.025701204917
1910,295.6171875,1753.5390625,10.58975620417081,2011.7872025296244
1910,241.75,1770.784090909091,-34.85624260632102,2030.5777885349553
1910,268.8367346938776,1766.591836734694,-11.837450714298305,2025.7185948885265
1910,254.47727272727275,1781.5454545454545,-23.450582487498867,2041.2573295267423
1910,240.1052631578948,1784.3157894736842,-35.6106934184827,2044.3771046863162
1910,260.1968541468066,1807.0224022878933,-17.385754207350672,2066.949630503078
1911,297.8196721311481,1749.9934426229509,12.333977984288037,2008.1039468795445
1911,241.1428571428571,1766.7142857142858,-35.57289775731422,2026.4417014002015
1911,267.44897959183663,1766.4897959183672,-13.032361686376392,2025.6444296566212
1911,246.40625,1770.78125,-30.868413018113237,2030.4748083806799
1911,239.62068965517233,1774.6206896551726,-36.49383072888019,2034.530905519475
1911,254.409090909091,1780.909090909091,-23.538664845680255,2040.6119250491395
1911,240.07894736842104,1783.842105263158,-35.6560508575697,2043.8967107970075
1911,297.8837209302328,1783.4186046511627,13.797395328626287,2042.238151104678
1911,262.0241984271022,1804.4367816091954,-15.94485806295299,2064.299423871715
1912,303.1793103448276,1750.1586206896552,16.953093414992583,2008.155463924367
1912,245.82051282051293,1769.7692307692307,-31.418494185711943,2029.4560224976403
1912,268.1886792452831,1766.566037735849,-12.394448094687727,2025.7063116987804
1912,254.09756097560967,1781.3902439024391,-23.78272944063311,2041.1077081751846
1912,298.0243902439024,1783.560975609756,13.923881646455749,2042.380015040034
1912,268.49397590361446,1800.8331788693235,-10.585027010519356,2060.5207430702417
1913,305.56441717791404,1749.9775051124743,18.998325533446575,2007.9172958371773
1913,268.0,1766.5,-12.559286016010677,2025.6429858957838
1913,253.33333333333326,1780.7111111111112,-24.468444695880283,2040.4335475382131
1913,297.93023255813955,1783.3720930232557,13.835292659703661,2042.1898683050651
1913,270.71470878578475,1801.2161895360316,-8.671389389311901,2060.8619115075257
1914,309.2799295774648,1749.9383802816901,22.194911409104353,2007.7953416191272
1914,268.2352941176471,1766.5098039215686,-12.357033329802794,2025.6478678621058
1914,255.4230769230769,1780.9615384615386,-22.668534054408514,2040.6436956074356
1914,297.6444444444444,1783.2888888888888,13.586934687030567,2042.1114151313357
1914,275.754800590842,1798.5140324963072,-4.486198269038467,2058.0218483661824
1915,312.58445440956643,1750.218236173393,25.05109400772877,2008.0097935143078
1915,270.0,1766.5,-10.843824013294332,2025.599757569535
1915,301.66666666666674,1784.3703703703704,17.078320355091055,2043.1254621197559
1915,332.72727272727275,1788.6818181818182,43.87064069004688,2046.8486923566497
1915,278.2294832826749,1799.6063829787233,-2.323627405057162,2059.075833179742
1916,315.1977559607294,1749.437587657784,27.269474895635003,2007.1512882683353
1916,274.2619047619048,1766.095238095238,-7.205943750270136,2025.0944056751644
1916,297.6326530612246,1782.795918367347,13.556142311236048,2041.6102635377272
1916,341.2619047619048,1785.6904761904761,51.077461701017214,2043.6262267365414
1916,285.3825503355704,1796.4205816554809,3.6512763105290973,2055.6996897202994
1917,316.6273458445039,1750.0656836461126,28.525773039989478,2007.7642731286405
1917,275.8571428571429,1766.5714285714284,-5.816058582437767,2025.5460397599168
1917,342.3921568627452,1786.0980392156862,52.06223168540284,2044.0167900707024
1917,286.703125,1797.549107142857,4.828928251219006,2056.815283050892
1918,317.8002577319587,1750.3182989690722,29.54586777378591,2007.9977250823592
1918,356.258064516129,1770.5483870967741,63.4073035574889,2027.8698639779159
1918,295.0769230769231,1783.7948717948718,11.408594316990266,2042.6805051827791
1918,345.5999999999999,1785.4761904761904,54.791588362888625,2043.3160547489501
1918,292.4181034482758,1796.228448275862,9.659129352838315,2055.3573157284713
1919,323.89856957087136,1751.3589076723017,34.83848808197881,2008.9311098092205
1919,363.8965517241379,1745.4827586206898,69.1019683845235,2002.0132109860629
1919,358.33333333333326,1771.0,65.20822255831098,2028.2864079243648
1919,295.6774193548388,1783.3870967741937,11.905811682308398,2042.2530600961495
1919,351.48543689320377,1785.3300970873786,59.83697150568807,2043.0422055167217
1919,297.7627118644068,1794.593220338983,14.161994340310445,2053.587510115452
1919,323.5714285714289,1790.2857142857142,36.0852604693817,2048.672040619563
